[{"model": "contenttypes.contenttype", "pk": 1, "fields": {"app_label": "admin", "model": "logentry"}}, {"model": "contenttypes.contenttype", "pk": 2, "fields": {"app_label": "auth", "model": "permission"}}, {"model": "contenttypes.contenttype", "pk": 3, "fields": {"app_label": "auth", "model": "group"}}, {"model": "contenttypes.contenttype", "pk": 4, "fields": {"app_label": "contenttypes", "model": "contenttype"}}, {"model": "contenttypes.contenttype", "pk": 5, "fields": {"app_label": "sessions", "model": "session"}}, {"model": "contenttypes.contenttype", "pk": 6, "fields": {"app_label": "users", "model": "customuser"}}, {"model": "contenttypes.contenttype", "pk": 7, "fields": {"app_label": "users", "model": "ubicacion"}}, {"model": "contenttypes.contenttype", "pk": 8, "fields": {"app_label": "users", "model": "auto"}}, {"model": "contenttypes.contenttype", "pk": 9, "fields": {"app_label": "users", "model": "pasajeros"}}, {"model": "sessions.session", "pk": "dhivhnkdrsgrqacothwthck38b9cfgo4", "fields": {"session_data": "MThlNGRjNDM4MWUzNDRiZGM3YWQ1NGRjYjJjYmE2ZTY0YmU3Zjc5OTp7Il9hdXRoX3VzZXJfaWQiOiIxMjIiLCJfYXV0aF91c2VyX2JhY2tlbmQiOiJkamFuZ28uY29udHJpYi5hdXRoLmJhY2tlbmRzLk1vZGVsQmFja2VuZCIsIl9hdXRoX3VzZXJfaGFzaCI6IjM2ODY2MGEwYWQ4YzFjZTZmZmFhZjQ3NGZiNWE1ZjY0ZmI2YWI1NzkifQ==", "expire_date": "2019-06-10T14:35:15.695Z"}}, {"model": "auth.permission", "pk": 1, "fields": {"name": "Can add log entry", "content_type": 1, "codename": "add_logentry"}}, {"model": "auth.permission", "pk": 2, "fields": {"name": "Can change log entry", "content_type": 1, "codename": "change_logentry"}}, {"model": "auth.permission", "pk": 3, "fields": {"name": "Can delete log entry", "content_type": 1, "codename": "delete_logentry"}}, {"model": "auth.permission", "pk": 4, "fields": {"name": "Can view log entry", "content_type": 1, "codename": "view_logentry"}}, {"model": "auth.permission", "pk": 5, "fields": {"name": "Can add permission", "content_type": 2, "codename": "add_permission"}}, {"model": "auth.permission", "pk": 6, "fields": {"name": "Can change permission", "content_type": 2, "codename": "change_permission"}}, {"model": "auth.permission", "pk": 7, "fields": {"name": "Can delete permission", "content_type": 2, "codename": "delete_permission"}}, {"model": "auth.permission", "pk": 8, "fields": {"name": "Can view permission", "content_type": 2, "codename": "view_permission"}}, {"model": "auth.permission", "pk": 9, "fields": {"name": "Can add group", "content_type": 3, "codename": "add_group"}}, {"model": "auth.permission", "pk": 10, "fields": {"name": "Can change group", "content_type": 3, "codename": "change_group"}}, {"model": "auth.permission", "pk": 11, "fields": {"name": "Can delete group", "content_type": 3, "codename": "delete_group"}}, {"model": "auth.permission", "pk": 12, "fields": {"name": "Can view group", "content_type": 3, "codename": "view_group"}}, {"model": "auth.permission", "pk": 13, "fields": {"name": "Can add content type", "content_type": 4, "codename": "add_contenttype"}}, {"model": "auth.permission", "pk": 14, "fields": {"name": "Can change content type", "content_type": 4, "codename": "change_contenttype"}}, {"model": "auth.permission", "pk": 15, "fields": {"name": "Can delete content type", "content_type": 4, "codename": "delete_contenttype"}}, {"model": "auth.permission", "pk": 16, "fields": {"name": "Can view content type", "content_type": 4, "codename": "view_contenttype"}}, {"model": "auth.permission", "pk": 17, "fields": {"name": "Can add session", "content_type": 5, "codename": "add_session"}}, {"model": "auth.permission", "pk": 18, "fields": {"name": "Can change session", "content_type": 5, "codename": "change_session"}}, {"model": "auth.permission", "pk": 19, "fields": {"name": "Can delete session", "content_type": 5, "codename": "delete_session"}}, {"model": "auth.permission", "pk": 20, "fields": {"name": "Can view session", "content_type": 5, "codename": "view_session"}}, {"model": "auth.permission", "pk": 21, "fields": {"name": "Can add user", "content_type": 6, "codename": "add_customuser"}}, {"model": "auth.permission", "pk": 22, "fields": {"name": "Can change user", "content_type": 6, "codename": "change_customuser"}}, {"model": "auth.permission", "pk": 23, "fields": {"name": "Can delete user", "content_type": 6, "codename": "delete_customuser"}}, {"model": "auth.permission", "pk": 24, "fields": {"name": "Can view user", "content_type": 6, "codename": "view_customuser"}}, {"model": "auth.permission", "pk": 25, "fields": {"name": "Can add ubicacion", "content_type": 7, "codename": "add_ubicacion"}}, {"model": "auth.permission", "pk": 26, "fields": {"name": "Can change ubicacion", "content_type": 7, "codename": "change_ubicacion"}}, {"model": "auth.permission", "pk": 27, "fields": {"name": "Can delete ubicacion", "content_type": 7, "codename": "delete_ubicacion"}}, {"model": "auth.permission", "pk": 28, "fields": {"name": "Can view ubicacion", "content_type": 7, "codename": "view_ubicacion"}}, {"model": "auth.permission", "pk": 29, "fields": {"name": "Can add auto", "content_type": 8, "codename": "add_auto"}}, {"model": "auth.permission", "pk": 30, "fields": {"name": "Can change auto", "content_type": 8, "codename": "change_auto"}}, {"model": "auth.permission", "pk": 31, "fields": {"name": "Can delete auto", "content_type": 8, "codename": "delete_auto"}}, {"model": "auth.permission", "pk": 32, "fields": {"name": "Can view auto", "content_type": 8, "codename": "view_auto"}}, {"model": "auth.permission", "pk": 33, "fields": {"name": "Can add pasajeros", "content_type": 9, "codename": "add_pasajeros"}}, {"model": "auth.permission", "pk": 34, "fields": {"name": "Can change pasajeros", "content_type": 9, "codename": "change_pasajeros"}}, {"model": "auth.permission", "pk": 35, "fields": {"name": "Can delete pasajeros", "content_type": 9, "codename": "delete_pasajeros"}}, {"model": "auth.permission", "pk": 36, "fields": {"name": "Can view pasajeros", "content_type": 9, "codename": "view_pasajeros"}}, {"model": "users.customuser", "pk": 122, "fields": {"password": "pbkdf2_sha256$150000$NhIvTmC63Thc$NjB1MNKm/iD/qpKKCfVNB8OldS8gLbkRW0SG0oYdbZM=", "last_login": "2019-05-27T14:35:15.683Z", "is_superuser": false, "username": "user0", "first_name": "", "last_name": "", "email": "user0@uc.cl", "is_staff": false, "is_active": true, "date_joined": "2019-05-24T22:38:47.457Z", "conductor": true, "tengo_ida": true, "id_conductor": "None", "groups": [], "user_permissions": []}}, {"model": "users.customuser", "pk": 124, "fields": {"password": "pbkdf2_sha256$150000$NhIvTmC63Thc$NjB1MNKm/iD/qpKKCfVNB8OldS8gLbkRW0SG0oYdbZM=", "last_login": "2019-05-25T03:16:11.902Z", "is_superuser": false, "username": "user2", "first_name": "", "last_name": "", "email": "user2@uc.cl", "is_staff": false, "is_active": true, "date_joined": "2019-05-24T22:38:47.473Z", "conductor": false, "tengo_ida": false, "id_conductor": "None", "groups": [], "user_permissions": []}}, {"model": "users.customuser", "pk": 126, "fields": {"password": "pbkdf2_sha256$150000$NhIvTmC63Thc$NjB1MNKm/iD/qpKKCfVNB8OldS8gLbkRW0SG0oYdbZM=", "last_login": "2019-05-25T03:31:28.744Z", "is_superuser": false, "username": "user4", "first_name": "", "last_name": "", "email": "user4@uc.cl", "is_staff": false, "is_active": true, "date_joined": "2019-05-24T22:38:47.488Z", "conductor": false, "tengo_ida": true, "id_conductor": "122", "groups": [], "user_permissions": []}}, {"model": "users.customuser", "pk": 127, "fields": {"password": "pbkdf2_sha256$150000$NhIvTmC63Thc$NjB1MNKm/iD/qpKKCfVNB8OldS8gLbkRW0SG0oYdbZM=", "last_login": "2019-05-27T14:34:47.006Z", "is_superuser": false, "username": "user5", "first_name": "", "last_name": "", "email": "user5@uc.cl", "is_staff": false, "is_active": true, "date_joined": "2019-05-24T22:38:47.488Z", "conductor": false, "tengo_ida": false, "id_conductor": "None", "groups": [], "user_permissions": []}}, {"model": "users.customuser", "pk": 128, "fields": {"password": "pbkdf2_sha256$150000$NhIvTmC63Thc$NjB1MNKm/iD/qpKKCfVNB8OldS8gLbkRW0SG0oYdbZM=", "last_login": null, "is_superuser": false, "username": "user6", "first_name": "", "last_name": "", "email": "user6@uc.cl", "is_staff": false, "is_active": true, "date_joined": "2019-05-24T22:38:47.504Z", "conductor": false, "tengo_ida": false, "id_conductor": "None", "groups": [], "user_permissions": []}}, {"model": "users.customuser", "pk": 129, "fields": {"password": "pbkdf2_sha256$150000$NhIvTmC63Thc$NjB1MNKm/iD/qpKKCfVNB8OldS8gLbkRW0SG0oYdbZM=", "last_login": null, "is_superuser": false, "username": "user7", "first_name": "", "last_name": "", "email": "user7@uc.cl", "is_staff": false, "is_active": true, "date_joined": "2019-05-24T22:38:47.504Z", "conductor": false, "tengo_ida": false, "id_conductor": "None", "groups": [], "user_permissions": []}}, {"model": "users.customuser", "pk": 130, "fields": {"password": "pbkdf2_sha256$150000$NhIvTmC63Thc$NjB1MNKm/iD/qpKKCfVNB8OldS8gLbkRW0SG0oYdbZM=", "last_login": null, "is_superuser": false, "username": "user8", "first_name": "", "last_name": "", "email": "user8@uc.cl", "is_staff": false, "is_active": true, "date_joined": "2019-05-24T22:38:47.519Z", "conductor": false, "tengo_ida": false, "id_conductor": "None", "groups": [], "user_permissions": []}}, {"model": "users.customuser", "pk": 131, "fields": {"password": "pbkdf2_sha256$150000$NhIvTmC63Thc$NjB1MNKm/iD/qpKKCfVNB8OldS8gLbkRW0SG0oYdbZM=", "last_login": null, "is_superuser": false, "username": "user9", "first_name": "", "last_name": "", "email": "user9@uc.cl", "is_staff": false, "is_active": true, "date_joined": "2019-05-24T22:38:47.519Z", "conductor": false, "tengo_ida": false, "id_conductor": "None", "groups": [], "user_permissions": []}}, {"model": "users.customuser", "pk": 132, "fields": {"password": "pbkdf2_sha256$150000$NhIvTmC63Thc$NjB1MNKm/iD/qpKKCfVNB8OldS8gLbkRW0SG0oYdbZM=", "last_login": "2019-05-25T02:53:18.206Z", "is_superuser": false, "username": "user10", "first_name": "", "last_name": "", "email": "user10@uc.cl", "is_staff": false, "is_active": true, "date_joined": "2019-05-24T22:38:47.535Z", "conductor": true, "tengo_ida": false, "id_conductor": "None", "groups": [], "user_permissions": []}}, {"model": "users.customuser", "pk": 133, "fields": {"password": "pbkdf2_sha256$150000$NhIvTmC63Thc$NjB1MNKm/iD/qpKKCfVNB8OldS8gLbkRW0SG0oYdbZM=", "last_login": null, "is_superuser": false, "username": "user11", "first_name": "", "last_name": "", "email": "user11@uc.cl", "is_staff": false, "is_active": true, "date_joined": "2019-05-24T22:38:47.535Z", "conductor": false, "tengo_ida": false, "id_conductor": "None", "groups": [], "user_permissions": []}}, {"model": "users.customuser", "pk": 134, "fields": {"password": "pbkdf2_sha256$150000$NhIvTmC63Thc$NjB1MNKm/iD/qpKKCfVNB8OldS8gLbkRW0SG0oYdbZM=", "last_login": null, "is_superuser": false, "username": "user12", "first_name": "", "last_name": "", "email": "user12@uc.cl", "is_staff": false, "is_active": true, "date_joined": "2019-05-24T22:38:47.551Z", "conductor": false, "tengo_ida": false, "id_conductor": "None", "groups": [], "user_permissions": []}}, {"model": "users.customuser", "pk": 135, "fields": {"password": "pbkdf2_sha256$150000$NhIvTmC63Thc$NjB1MNKm/iD/qpKKCfVNB8OldS8gLbkRW0SG0oYdbZM=", "last_login": null, "is_superuser": false, "username": "user13", "first_name": "", "last_name": "", "email": "user13@uc.cl", "is_staff": false, "is_active": true, "date_joined": "2019-05-24T22:38:47.557Z", "conductor": false, "tengo_ida": false, "id_conductor": "None", "groups": [], "user_permissions": []}}, {"model": "users.customuser", "pk": 136, "fields": {"password": "pbkdf2_sha256$150000$NhIvTmC63Thc$NjB1MNKm/iD/qpKKCfVNB8OldS8gLbkRW0SG0oYdbZM=", "last_login": null, "is_superuser": false, "username": "user14", "first_name": "", "last_name": "", "email": "user14@uc.cl", "is_staff": false, "is_active": true, "date_joined": "2019-05-24T22:38:47.557Z", "conductor": false, "tengo_ida": false, "id_conductor": "None", "groups": [], "user_permissions": []}}, {"model": "users.customuser", "pk": 137, "fields": {"password": "pbkdf2_sha256$150000$NhIvTmC63Thc$NjB1MNKm/iD/qpKKCfVNB8OldS8gLbkRW0SG0oYdbZM=", "last_login": "2019-05-25T01:08:13.951Z", "is_superuser": false, "username": "user15", "first_name": "", "last_name": "", "email": "user15@uc.cl", "is_staff": false, "is_active": true, "date_joined": "2019-05-24T22:38:47.557Z", "conductor": true, "tengo_ida": false, "id_conductor": "None", "groups": [], "user_permissions": []}}, {"model": "users.customuser", "pk": 138, "fields": {"password": "pbkdf2_sha256$150000$NhIvTmC63Thc$NjB1MNKm/iD/qpKKCfVNB8OldS8gLbkRW0SG0oYdbZM=", "last_login": null, "is_superuser": false, "username": "user16", "first_name": "", "last_name": "", "email": "user16@uc.cl", "is_staff": false, "is_active": true, "date_joined": "2019-05-24T22:38:47.573Z", "conductor": false, "tengo_ida": false, "id_conductor": "None", "groups": [], "user_permissions": []}}, {"model": "users.customuser", "pk": 139, "fields": {"password": "pbkdf2_sha256$150000$NhIvTmC63Thc$NjB1MNKm/iD/qpKKCfVNB8OldS8gLbkRW0SG0oYdbZM=", "last_login": null, "is_superuser": false, "username": "user17", "first_name": "", "last_name": "", "email": "user17@uc.cl", "is_staff": false, "is_active": true, "date_joined": "2019-05-24T22:38:47.573Z", "conductor": false, "tengo_ida": false, "id_conductor": "None", "groups": [], "user_permissions": []}}, {"model": "users.customuser", "pk": 140, "fields": {"password": "pbkdf2_sha256$150000$NhIvTmC63Thc$NjB1MNKm/iD/qpKKCfVNB8OldS8gLbkRW0SG0oYdbZM=", "last_login": null, "is_superuser": false, "username": "user18", "first_name": "", "last_name": "", "email": "user18@uc.cl", "is_staff": false, "is_active": true, "date_joined": "2019-05-24T22:38:47.588Z", "conductor": false, "tengo_ida": false, "id_conductor": "None", "groups": [], "user_permissions": []}}, {"model": "users.customuser", "pk": 141, "fields": {"password": "pbkdf2_sha256$150000$NhIvTmC63Thc$NjB1MNKm/iD/qpKKCfVNB8OldS8gLbkRW0SG0oYdbZM=", "last_login": null, "is_superuser": false, "username": "user19", "first_name": "", "last_name": "", "email": "user19@uc.cl", "is_staff": false, "is_active": true, "date_joined": "2019-05-24T22:38:47.588Z", "conductor": false, "tengo_ida": false, "id_conductor": "None", "groups": [], "user_permissions": []}}, {"model": "users.customuser", "pk": 142, "fields": {"password": "pbkdf2_sha256$150000$NhIvTmC63Thc$NjB1MNKm/iD/qpKKCfVNB8OldS8gLbkRW0SG0oYdbZM=", "last_login": "2019-05-25T01:08:45.867Z", "is_superuser": false, "username": "user20", "first_name": "", "last_name": "", "email": "user20@uc.cl", "is_staff": false, "is_active": true, "date_joined": "2019-05-24T22:38:47.588Z", "conductor": true, "tengo_ida": false, "id_conductor": "None", "groups": [], "user_permissions": []}}, {"model": "users.customuser", "pk": 143, "fields": {"password": "pbkdf2_sha256$150000$NhIvTmC63Thc$NjB1MNKm/iD/qpKKCfVNB8OldS8gLbkRW0SG0oYdbZM=", "last_login": null, "is_superuser": false, "username": "user21", "first_name": "", "last_name": "", "email": "user21@uc.cl", "is_staff": false, "is_active": true, "date_joined": "2019-05-24T22:38:47.604Z", "conductor": false, "tengo_ida": false, "id_conductor": "None", "groups": [], "user_permissions": []}}, {"model": "users.customuser", "pk": 144, "fields": {"password": "pbkdf2_sha256$150000$NhIvTmC63Thc$NjB1MNKm/iD/qpKKCfVNB8OldS8gLbkRW0SG0oYdbZM=", "last_login": "2019-05-24T23:40:35.699Z", "is_superuser": false, "username": "user22", "first_name": "", "last_name": "", "email": "user22@uc.cl", "is_staff": false, "is_active": true, "date_joined": "2019-05-24T22:38:47.604Z", "conductor": false, "tengo_ida": false, "id_conductor": "None", "groups": [], "user_permissions": []}}, {"model": "users.customuser", "pk": 145, "fields": {"password": "pbkdf2_sha256$150000$NhIvTmC63Thc$NjB1MNKm/iD/qpKKCfVNB8OldS8gLbkRW0SG0oYdbZM=", "last_login": null, "is_superuser": false, "username": "user23", "first_name": "", "last_name": "", "email": "user23@uc.cl", "is_staff": false, "is_active": true, "date_joined": "2019-05-24T22:38:47.604Z", "conductor": false, "tengo_ida": false, "id_conductor": "None", "groups": [], "user_permissions": []}}, {"model": "users.customuser", "pk": 146, "fields": {"password": "pbkdf2_sha256$150000$NhIvTmC63Thc$NjB1MNKm/iD/qpKKCfVNB8OldS8gLbkRW0SG0oYdbZM=", "last_login": null, "is_superuser": false, "username": "user24", "first_name": "", "last_name": "", "email": "user24@uc.cl", "is_staff": false, "is_active": true, "date_joined": "2019-05-24T22:38:47.620Z", "conductor": false, "tengo_ida": false, "id_conductor": "None", "groups": [], "user_permissions": []}}, {"model": "users.customuser", "pk": 147, "fields": {"password": "pbkdf2_sha256$150000$NhIvTmC63Thc$NjB1MNKm/iD/qpKKCfVNB8OldS8gLbkRW0SG0oYdbZM=", "last_login": "2019-05-25T01:09:00.581Z", "is_superuser": false, "username": "user25", "first_name": "", "last_name": "", "email": "user25@uc.cl", "is_staff": false, "is_active": true, "date_joined": "2019-05-24T22:38:47.620Z", "conductor": true, "tengo_ida": false, "id_conductor": "None", "groups": [], "user_permissions": []}}, {"model": "users.customuser", "pk": 148, "fields": {"password": "pbkdf2_sha256$150000$NhIvTmC63Thc$NjB1MNKm/iD/qpKKCfVNB8OldS8gLbkRW0SG0oYdbZM=", "last_login": null, "is_superuser": false, "username": "user26", "first_name": "", "last_name": "", "email": "user26@uc.cl", "is_staff": false, "is_active": true, "date_joined": "2019-05-24T22:38:47.635Z", "conductor": false, "tengo_ida": false, "id_conductor": "None", "groups": [], "user_permissions": []}}, {"model": "users.customuser", "pk": 149, "fields": {"password": "pbkdf2_sha256$150000$NhIvTmC63Thc$NjB1MNKm/iD/qpKKCfVNB8OldS8gLbkRW0SG0oYdbZM=", "last_login": null, "is_superuser": false, "username": "user27", "first_name": "", "last_name": "", "email": "user27@uc.cl", "is_staff": false, "is_active": true, "date_joined": "2019-05-24T22:38:47.635Z", "conductor": false, "tengo_ida": false, "id_conductor": "None", "groups": [], "user_permissions": []}}, {"model": "users.customuser", "pk": 150, "fields": {"password": "pbkdf2_sha256$150000$NhIvTmC63Thc$NjB1MNKm/iD/qpKKCfVNB8OldS8gLbkRW0SG0oYdbZM=", "last_login": null, "is_superuser": false, "username": "user28", "first_name": "", "last_name": "", "email": "user28@uc.cl", "is_staff": false, "is_active": true, "date_joined": "2019-05-24T22:38:47.652Z", "conductor": false, "tengo_ida": false, "id_conductor": "None", "groups": [], "user_permissions": []}}, {"model": "users.customuser", "pk": 151, "fields": {"password": "pbkdf2_sha256$150000$NhIvTmC63Thc$NjB1MNKm/iD/qpKKCfVNB8OldS8gLbkRW0SG0oYdbZM=", "last_login": null, "is_superuser": false, "username": "user29", "first_name": "", "last_name": "", "email": "user29@uc.cl", "is_staff": false, "is_active": true, "date_joined": "2019-05-24T22:38:47.657Z", "conductor": false, "tengo_ida": false, "id_conductor": "None", "groups": [], "user_permissions": []}}, {"model": "users.customuser", "pk": 152, "fields": {"password": "pbkdf2_sha256$150000$NhIvTmC63Thc$NjB1MNKm/iD/qpKKCfVNB8OldS8gLbkRW0SG0oYdbZM=", "last_login": "2019-05-25T01:09:16.559Z", "is_superuser": false, "username": "user30", "first_name": "", "last_name": "", "email": "user30@uc.cl", "is_staff": false, "is_active": true, "date_joined": "2019-05-24T22:38:47.657Z", "conductor": true, "tengo_ida": false, "id_conductor": "None", "groups": [], "user_permissions": []}}, {"model": "users.customuser", "pk": 153, "fields": {"password": "pbkdf2_sha256$150000$NhIvTmC63Thc$NjB1MNKm/iD/qpKKCfVNB8OldS8gLbkRW0SG0oYdbZM=", "last_login": null, "is_superuser": false, "username": "user31", "first_name": "", "last_name": "", "email": "user31@uc.cl", "is_staff": false, "is_active": true, "date_joined": "2019-05-24T22:38:47.657Z", "conductor": false, "tengo_ida": false, "id_conductor": "None", "groups": [], "user_permissions": []}}, {"model": "users.customuser", "pk": 154, "fields": {"password": "pbkdf2_sha256$150000$NhIvTmC63Thc$NjB1MNKm/iD/qpKKCfVNB8OldS8gLbkRW0SG0oYdbZM=", "last_login": null, "is_superuser": false, "username": "user32", "first_name": "", "last_name": "", "email": "user32@uc.cl", "is_staff": false, "is_active": true, "date_joined": "2019-05-24T22:38:47.673Z", "conductor": false, "tengo_ida": false, "id_conductor": "None", "groups": [], "user_permissions": []}}, {"model": "users.customuser", "pk": 155, "fields": {"password": "pbkdf2_sha256$150000$NhIvTmC63Thc$NjB1MNKm/iD/qpKKCfVNB8OldS8gLbkRW0SG0oYdbZM=", "last_login": null, "is_superuser": false, "username": "user33", "first_name": "", "last_name": "", "email": "user33@uc.cl", "is_staff": false, "is_active": true, "date_joined": "2019-05-24T22:38:47.673Z", "conductor": false, "tengo_ida": false, "id_conductor": "None", "groups": [], "user_permissions": []}}, {"model": "users.customuser", "pk": 156, "fields": {"password": "pbkdf2_sha256$150000$NhIvTmC63Thc$NjB1MNKm/iD/qpKKCfVNB8OldS8gLbkRW0SG0oYdbZM=", "last_login": null, "is_superuser": false, "username": "user34", "first_name": "", "last_name": "", "email": "user34@uc.cl", "is_staff": false, "is_active": true, "date_joined": "2019-05-24T22:38:47.688Z", "conductor": false, "tengo_ida": false, "id_conductor": "None", "groups": [], "user_permissions": []}}, {"model": "users.customuser", "pk": 157, "fields": {"password": "pbkdf2_sha256$150000$NhIvTmC63Thc$NjB1MNKm/iD/qpKKCfVNB8OldS8gLbkRW0SG0oYdbZM=", "last_login": "2019-05-25T01:09:29.181Z", "is_superuser": false, "username": "user35", "first_name": "", "last_name": "", "email": "user35@uc.cl", "is_staff": false, "is_active": true, "date_joined": "2019-05-24T22:38:47.688Z", "conductor": true, "tengo_ida": false, "id_conductor": "None", "groups": [], "user_permissions": []}}, {"model": "users.customuser", "pk": 158, "fields": {"password": "pbkdf2_sha256$150000$NhIvTmC63Thc$NjB1MNKm/iD/qpKKCfVNB8OldS8gLbkRW0SG0oYdbZM=", "last_login": null, "is_superuser": false, "username": "user36", "first_name": "", "last_name": "", "email": "user36@uc.cl", "is_staff": false, "is_active": true, "date_joined": "2019-05-24T22:38:47.704Z", "conductor": false, "tengo_ida": false, "id_conductor": "None", "groups": [], "user_permissions": []}}, {"model": "users.customuser", "pk": 159, "fields": {"password": "pbkdf2_sha256$150000$NhIvTmC63Thc$NjB1MNKm/iD/qpKKCfVNB8OldS8gLbkRW0SG0oYdbZM=", "last_login": null, "is_superuser": false, "username": "user37", "first_name": "", "last_name": "", "email": "user37@uc.cl", "is_staff": false, "is_active": true, "date_joined": "2019-05-24T22:38:47.704Z", "conductor": false, "tengo_ida": false, "id_conductor": "None", "groups": [], "user_permissions": []}}, {"model": "users.customuser", "pk": 160, "fields": {"password": "pbkdf2_sha256$150000$NhIvTmC63Thc$NjB1MNKm/iD/qpKKCfVNB8OldS8gLbkRW0SG0oYdbZM=", "last_login": "2019-05-25T01:11:38.463Z", "is_superuser": false, "username": "user38", "first_name": "", "last_name": "", "email": "user38@uc.cl", "is_staff": false, "is_active": true, "date_joined": "2019-05-24T22:38:47.704Z", "conductor": false, "tengo_ida": false, "id_conductor": "None", "groups": [], "user_permissions": []}}, {"model": "users.customuser", "pk": 161, "fields": {"password": "pbkdf2_sha256$150000$NhIvTmC63Thc$NjB1MNKm/iD/qpKKCfVNB8OldS8gLbkRW0SG0oYdbZM=", "last_login": null, "is_superuser": false, "username": "user39", "first_name": "", "last_name": "", "email": "user39@uc.cl", "is_staff": false, "is_active": true, "date_joined": "2019-05-24T22:38:47.720Z", "conductor": false, "tengo_ida": false, "id_conductor": "None", "groups": [], "user_permissions": []}}, {"model": "users.customuser", "pk": 162, "fields": {"password": "pbkdf2_sha256$150000$NhIvTmC63Thc$NjB1MNKm/iD/qpKKCfVNB8OldS8gLbkRW0SG0oYdbZM=", "last_login": "2019-05-25T01:10:08.803Z", "is_superuser": false, "username": "user40", "first_name": "", "last_name": "", "email": "user40@uc.cl", "is_staff": false, "is_active": true, "date_joined": "2019-05-24T22:38:47.720Z", "conductor": true, "tengo_ida": false, "id_conductor": "None", "groups": [], "user_permissions": []}}, {"model": "users.customuser", "pk": 163, "fields": {"password": "pbkdf2_sha256$150000$NhIvTmC63Thc$NjB1MNKm/iD/qpKKCfVNB8OldS8gLbkRW0SG0oYdbZM=", "last_login": null, "is_superuser": false, "username": "user41", "first_name": "", "last_name": "", "email": "user41@uc.cl", "is_staff": false, "is_active": true, "date_joined": "2019-05-24T22:38:47.735Z", "conductor": false, "tengo_ida": false, "id_conductor": "None", "groups": [], "user_permissions": []}}, {"model": "users.customuser", "pk": 164, "fields": {"password": "pbkdf2_sha256$150000$NhIvTmC63Thc$NjB1MNKm/iD/qpKKCfVNB8OldS8gLbkRW0SG0oYdbZM=", "last_login": null, "is_superuser": false, "username": "user42", "first_name": "", "last_name": "", "email": "user42@uc.cl", "is_staff": false, "is_active": true, "date_joined": "2019-05-24T22:38:47.735Z", "conductor": false, "tengo_ida": false, "id_conductor": "None", "groups": [], "user_permissions": []}}, {"model": "users.customuser", "pk": 165, "fields": {"password": "pbkdf2_sha256$150000$NhIvTmC63Thc$NjB1MNKm/iD/qpKKCfVNB8OldS8gLbkRW0SG0oYdbZM=", "last_login": null, "is_superuser": false, "username": "user43", "first_name": "", "last_name": "", "email": "user43@uc.cl", "is_staff": false, "is_active": true, "date_joined": "2019-05-24T22:38:47.735Z", "conductor": false, "tengo_ida": false, "id_conductor": "None", "groups": [], "user_permissions": []}}, {"model": "users.customuser", "pk": 166, "fields": {"password": "pbkdf2_sha256$150000$NhIvTmC63Thc$NjB1MNKm/iD/qpKKCfVNB8OldS8gLbkRW0SG0oYdbZM=", "last_login": null, "is_superuser": false, "username": "user44", "first_name": "", "last_name": "", "email": "user44@uc.cl", "is_staff": false, "is_active": true, "date_joined": "2019-05-24T22:38:47.751Z", "conductor": false, "tengo_ida": false, "id_conductor": "None", "groups": [], "user_permissions": []}}, {"model": "users.customuser", "pk": 167, "fields": {"password": "pbkdf2_sha256$150000$NhIvTmC63Thc$NjB1MNKm/iD/qpKKCfVNB8OldS8gLbkRW0SG0oYdbZM=", "last_login": "2019-05-25T01:10:17.591Z", "is_superuser": false, "username": "user45", "first_name": "", "last_name": "", "email": "user45@uc.cl", "is_staff": false, "is_active": true, "date_joined": "2019-05-24T22:38:47.757Z", "conductor": true, "tengo_ida": false, "id_conductor": "None", "groups": [], "user_permissions": []}}, {"model": "users.customuser", "pk": 168, "fields": {"password": "pbkdf2_sha256$150000$NhIvTmC63Thc$NjB1MNKm/iD/qpKKCfVNB8OldS8gLbkRW0SG0oYdbZM=", "last_login": null, "is_superuser": false, "username": "user46", "first_name": "", "last_name": "", "email": "user46@uc.cl", "is_staff": false, "is_active": true, "date_joined": "2019-05-24T22:38:47.757Z", "conductor": false, "tengo_ida": false, "id_conductor": "None", "groups": [], "user_permissions": []}}, {"model": "users.customuser", "pk": 169, "fields": {"password": "pbkdf2_sha256$150000$NhIvTmC63Thc$NjB1MNKm/iD/qpKKCfVNB8OldS8gLbkRW0SG0oYdbZM=", "last_login": null, "is_superuser": false, "username": "user47", "first_name": "", "last_name": "", "email": "user47@uc.cl", "is_staff": false, "is_active": true, "date_joined": "2019-05-24T22:38:47.773Z", "conductor": false, "tengo_ida": false, "id_conductor": "None", "groups": [], "user_permissions": []}}, {"model": "users.customuser", "pk": 170, "fields": {"password": "pbkdf2_sha256$150000$NhIvTmC63Thc$NjB1MNKm/iD/qpKKCfVNB8OldS8gLbkRW0SG0oYdbZM=", "last_login": "2019-05-25T01:11:24.960Z", "is_superuser": false, "username": "user48", "first_name": "", "last_name": "", "email": "user48@uc.cl", "is_staff": false, "is_active": true, "date_joined": "2019-05-24T22:38:47.773Z", "conductor": true, "tengo_ida": false, "id_conductor": "None", "groups": [], "user_permissions": []}}, {"model": "users.customuser", "pk": 171, "fields": {"password": "pbkdf2_sha256$150000$NhIvTmC63Thc$NjB1MNKm/iD/qpKKCfVNB8OldS8gLbkRW0SG0oYdbZM=", "last_login": null, "is_superuser": false, "username": "user49", "first_name": "", "last_name": "", "email": "user49@uc.cl", "is_staff": false, "is_active": true, "date_joined": "2019-05-24T22:38:47.789Z", "conductor": false, "tengo_ida": false, "id_conductor": "None", "groups": [], "user_permissions": []}}, {"model": "users.customuser", "pk": 172, "fields": {"password": "pbkdf2_sha256$150000$NhIvTmC63Thc$NjB1MNKm/iD/qpKKCfVNB8OldS8gLbkRW0SG0oYdbZM=", "last_login": "2019-05-25T01:10:37.965Z", "is_superuser": false, "username": "user50", "first_name": "", "last_name": "", "email": "user50@uc.cl", "is_staff": false, "is_active": true, "date_joined": "2019-05-24T22:38:47.789Z", "conductor": true, "tengo_ida": false, "id_conductor": "None", "groups": [], "user_permissions": []}}, {"model": "users.customuser", "pk": 173, "fields": {"password": "pbkdf2_sha256$150000$NhIvTmC63Thc$NjB1MNKm/iD/qpKKCfVNB8OldS8gLbkRW0SG0oYdbZM=", "last_login": null, "is_superuser": false, "username": "user51", "first_name": "", "last_name": "", "email": "user51@uc.cl", "is_staff": false, "is_active": true, "date_joined": "2019-05-24T22:38:47.789Z", "conductor": false, "tengo_ida": false, "id_conductor": "None", "groups": [], "user_permissions": []}}, {"model": "users.customuser", "pk": 174, "fields": {"password": "pbkdf2_sha256$150000$NhIvTmC63Thc$NjB1MNKm/iD/qpKKCfVNB8OldS8gLbkRW0SG0oYdbZM=", "last_login": null, "is_superuser": false, "username": "user52", "first_name": "", "last_name": "", "email": "user52@uc.cl", "is_staff": false, "is_active": true, "date_joined": "2019-05-24T22:38:47.804Z", "conductor": false, "tengo_ida": false, "id_conductor": "None", "groups": [], "user_permissions": []}}, {"model": "users.customuser", "pk": 175, "fields": {"password": "pbkdf2_sha256$150000$NhIvTmC63Thc$NjB1MNKm/iD/qpKKCfVNB8OldS8gLbkRW0SG0oYdbZM=", "last_login": null, "is_superuser": false, "username": "user53", "first_name": "", "last_name": "", "email": "user53@uc.cl", "is_staff": false, "is_active": true, "date_joined": "2019-05-24T22:38:47.804Z", "conductor": false, "tengo_ida": false, "id_conductor": "None", "groups": [], "user_permissions": []}}, {"model": "users.customuser", "pk": 176, "fields": {"password": "pbkdf2_sha256$150000$NhIvTmC63Thc$NjB1MNKm/iD/qpKKCfVNB8OldS8gLbkRW0SG0oYdbZM=", "last_login": null, "is_superuser": false, "username": "user54", "first_name": "", "last_name": "", "email": "user54@uc.cl", "is_staff": false, "is_active": true, "date_joined": "2019-05-24T22:38:47.820Z", "conductor": false, "tengo_ida": false, "id_conductor": "None", "groups": [], "user_permissions": []}}, {"model": "users.customuser", "pk": 177, "fields": {"password": "pbkdf2_sha256$150000$NhIvTmC63Thc$NjB1MNKm/iD/qpKKCfVNB8OldS8gLbkRW0SG0oYdbZM=", "last_login": "2019-05-25T01:10:57.819Z", "is_superuser": false, "username": "user55", "first_name": "", "last_name": "", "email": "user55@uc.cl", "is_staff": false, "is_active": true, "date_joined": "2019-05-24T22:38:47.820Z", "conductor": true, "tengo_ida": false, "id_conductor": "None", "groups": [], "user_permissions": []}}, {"model": "users.customuser", "pk": 178, "fields": {"password": "pbkdf2_sha256$150000$NhIvTmC63Thc$NjB1MNKm/iD/qpKKCfVNB8OldS8gLbkRW0SG0oYdbZM=", "last_login": null, "is_superuser": false, "username": "user56", "first_name": "", "last_name": "", "email": "user56@uc.cl", "is_staff": false, "is_active": true, "date_joined": "2019-05-24T22:38:47.835Z", "conductor": false, "tengo_ida": false, "id_conductor": "None", "groups": [], "user_permissions": []}}, {"model": "users.customuser", "pk": 179, "fields": {"password": "pbkdf2_sha256$150000$NhIvTmC63Thc$NjB1MNKm/iD/qpKKCfVNB8OldS8gLbkRW0SG0oYdbZM=", "last_login": null, "is_superuser": false, "username": "user57", "first_name": "", "last_name": "", "email": "user57@uc.cl", "is_staff": false, "is_active": true, "date_joined": "2019-05-24T22:38:47.835Z", "conductor": false, "tengo_ida": false, "id_conductor": "None", "groups": [], "user_permissions": []}}, {"model": "users.customuser", "pk": 180, "fields": {"password": "pbkdf2_sha256$150000$NhIvTmC63Thc$NjB1MNKm/iD/qpKKCfVNB8OldS8gLbkRW0SG0oYdbZM=", "last_login": null, "is_superuser": false, "username": "user58", "first_name": "", "last_name": "", "email": "user58@uc.cl", "is_staff": false, "is_active": true, "date_joined": "2019-05-24T22:38:47.835Z", "conductor": false, "tengo_ida": false, "id_conductor": "None", "groups": [], "user_permissions": []}}, {"model": "users.customuser", "pk": 181, "fields": {"password": "pbkdf2_sha256$150000$9pXtGm0nXDlM$k4QbEgiu1A6g370CNBG+q3SVHARIR+r5/S1etCyEKqA=", "last_login": "2019-05-24T23:44:14.518Z", "is_superuser": false, "username": "cata", "first_name": "", "last_name": "", "email": "cata@uc.cl", "is_staff": false, "is_active": true, "date_joined": "2019-05-24T23:44:05.530Z", "conductor": false, "tengo_ida": false, "id_conductor": "None", "groups": [], "user_permissions": []}}, {"model": "users.customuser", "pk": 182, "fields": {"password": "pbkdf2_sha256$150000$OyTuTLrkxBuV$g6a7WTYFDzWFKSkwMO9wZRHeLmMpUrIqYsSon0TfbBs=", "last_login": "2019-05-25T02:49:19.689Z", "is_superuser": false, "username": "user1", "first_name": "", "last_name": "", "email": "user1@uc.cl", "is_staff": false, "is_active": true, "date_joined": "2019-05-25T02:49:13.482Z", "conductor": false, "tengo_ida": false, "id_conductor": "None", "groups": [], "user_permissions": []}}, {"model": "users.customuser", "pk": 183, "fields": {"password": "pbkdf2_sha256$150000$PiFNJOUrRe4P$RjczZFpDp96HOF38D8xWNvawj8R/0X29qSdDIE/IARk=", "last_login": "2019-05-27T14:34:32.443Z", "is_superuser": false, "username": "user3", "first_name": "", "last_name": "", "email": "user3@uc.cl", "is_staff": false, "is_active": true, "date_joined": "2019-05-25T02:50:02.391Z", "conductor": false, "tengo_ida": false, "id_conductor": "None", "groups": [], "user_permissions": []}}, {"model": "users.ubicacion", "pk": 24, "fields": {"user": 122, "direccion": "Las Brisas, Chicureo, Colina, Regi\u00f3n Metropolitana, Chile", "lat": -33.2403787, "lng": -70.69376899999999}}, {"model": "users.ubicacion", "pk": 26, "fields": {"user": 124, "direccion": "Las Brisas, Chicureo, Colina, Regi\u00f3n Metropolitana, Chile", "lat": -33.2381458, "lng": -70.6750155}}, {"model": "users.ubicacion", "pk": 28, "fields": {"user": 126, "direccion": "Las Brisas, Chicureo, Colina, Regi\u00f3n Metropolitana, Chile", "lat": -33.2375058, "lng": -70.6765355}}, {"model": "users.ubicacion", "pk": 29, "fields": {"user": 127, "direccion": "Las Brisas, Chicureo, Colina, Regi\u00f3n Metropolitana, Chile", "lat": -33.2399058, "lng": -70.67793549999998}}, {"model": "users.ubicacion", "pk": 30, "fields": {"user": 128, "direccion": "Gral San Mart\u00edn, Chicureo, Colina, Regi\u00f3n Metropolitana, Chile", "lat": -33.2677015, "lng": -70.70057340000001}}, {"model": "users.ubicacion", "pk": 31, "fields": {"user": 129, "direccion": "Las Brisas, Chicureo, Colina, Regi\u00f3n Metropolitana, Chile", "lat": -33.2381458, "lng": -70.6765355}}, {"model": "users.ubicacion", "pk": 32, "fields": {"user": 130, "direccion": "Las Brisas, Chicureo, Colina, Regi\u00f3n Metropolitana, Chile", "lat": -33.2374458, "lng": -70.67619549999998}}, {"model": "users.ubicacion", "pk": 33, "fields": {"user": 131, "direccion": "Sta In\u00e9s, Chicureo, Colina, Regi\u00f3n Metropolitana, Chile", "lat": -33.264002500000004, "lng": -70.72266009999998}}, {"model": "users.ubicacion", "pk": 34, "fields": {"user": 132, "direccion": "20 El algarrobal 1 - Los Damascos, Chicureo, Colina, Regi\u00f3n Metropolitana, Chile", "lat": -33.268184500000004, "lng": -70.7182574}}, {"model": "users.ubicacion", "pk": 35, "fields": {"user": 133, "direccion": "Las Brisas, Chicureo, Colina, Regi\u00f3n Metropolitana, Chile", "lat": -33.2374458, "lng": -70.6775955}}, {"model": "users.ubicacion", "pk": 36, "fields": {"user": 134, "direccion": "Las Brisas, Chicureo, Colina, Regi\u00f3n Metropolitana, Chile", "lat": -33.2402858, "lng": -70.6754955}}, {"model": "users.ubicacion", "pk": 37, "fields": {"user": 135, "direccion": "Las Brisas, Chicureo, Colina, Regi\u00f3n Metropolitana, Chile", "lat": -33.2371858, "lng": -70.6776355}}, {"model": "users.ubicacion", "pk": 38, "fields": {"user": 136, "direccion": "Las Brisas, Chicureo, Colina, Regi\u00f3n Metropolitana, Chile", "lat": -33.240645799999996, "lng": -70.6764355}}, {"model": "users.ubicacion", "pk": 39, "fields": {"user": 137, "direccion": "Las Brisas, Chicureo, Colina, Regi\u00f3n Metropolitana, Chile", "lat": -33.2383458, "lng": -70.67515549999997}}, {"model": "users.ubicacion", "pk": 40, "fields": {"user": 138, "direccion": "Algarrobal Nte 2, Chicureo, Colina, Regi\u00f3n Metropolitana, Chile", "lat": -33.275277499999994, "lng": -70.70613890000001}}, {"model": "users.ubicacion", "pk": 41, "fields": {"user": 139, "direccion": "Las Catalpas, Chicureo, Colina, Regi\u00f3n Metropolitana, Chile", "lat": -33.248288800000005, "lng": -70.72125109999998}}, {"model": "users.ubicacion", "pk": 42, "fields": {"user": 140, "direccion": "Sta Luisa, Chicureo, Colina, Regi\u00f3n Metropolitana, Chile", "lat": -33.2727924, "lng": -70.68521609999999}}, {"model": "users.ubicacion", "pk": 43, "fields": {"user": 141, "direccion": "Sta Ester de Liray, Chicureo, Colina, Regi\u00f3n Metropolitana, Chile", "lat": -33.23668, "lng": -70.71581490000001}}, {"model": "users.ubicacion", "pk": 44, "fields": {"user": 142, "direccion": "Av. Chicureo 1100, Chicureo, Colina, Regi\u00f3n Metropolitana, Chile", "lat": -33.287363400000004, "lng": -70.69213299999998}}, {"model": "users.ubicacion", "pk": 45, "fields": {"user": 143, "direccion": "parcela 6H1 - San Vicente de Lo Arcaya 3, Colina, Regi\u00f3n Metropolitana, Chile", "lat": -33.250579800000004, "lng": -70.69739990000002}}, {"model": "users.ubicacion", "pk": 46, "fields": {"user": 144, "direccion": "Algarrobal Nte 2, Chicureo, Colina, Regi\u00f3n Metropolitana, Chile", "lat": -33.2741175, "lng": -70.70925890000002}}, {"model": "users.ubicacion", "pk": 47, "fields": {"user": 145, "direccion": "Las Brisas, Chicureo, Colina, Regi\u00f3n Metropolitana, Chile", "lat": -33.2394458, "lng": -70.67609549999997}}, {"model": "users.ubicacion", "pk": 48, "fields": {"user": 146, "direccion": "Condominio El Algarrobal 2, Batuco, Lampa, Regi\u00f3n Metropolitana, Chile", "lat": -33.2557448, "lng": -70.79973159999999}}, {"model": "users.ubicacion", "pk": 49, "fields": {"user": 147, "direccion": "Las Torcazas 3020, Chicureo, Colina, Regi\u00f3n Metropolitana, Chile", "lat": -33.2311895, "lng": -70.66646329999999}}, {"model": "users.ubicacion", "pk": 50, "fields": {"user": 148, "direccion": "Liray, Colina, Regi\u00f3n Metropolitana, Chile", "lat": -33.2386773, "lng": -70.7446636}}, {"model": "users.ubicacion", "pk": 51, "fields": {"user": 149, "direccion": "Los Jardines de Colina, Chicureo, Colina, Regi\u00f3n Metropolitana, Chile", "lat": -33.245915000000004, "lng": -70.71326640000002}}, {"model": "users.ubicacion", "pk": 52, "fields": {"user": 150, "direccion": "Av. Chicureo 1100, Chicureo, Colina, Regi\u00f3n Metropolitana, Chile", "lat": -33.284963399999995, "lng": -70.68981299999999}}, {"model": "users.ubicacion", "pk": 53, "fields": {"user": 151, "direccion": "Av. Chicureo 1100, Chicureo, Colina, Regi\u00f3n Metropolitana, Chile", "lat": -33.286963400000005, "lng": -70.69115299999999}}, {"model": "users.ubicacion", "pk": 54, "fields": {"user": 152, "direccion": "Lo Arcaya, Chicureo, Colina, Regi\u00f3n Metropolitana, Chile", "lat": -33.2428693, "lng": -70.68674060000002}}, {"model": "users.ubicacion", "pk": 55, "fields": {"user": 153, "direccion": "Sta Ester de Liray, Chicureo, Colina, Regi\u00f3n Metropolitana, Chile", "lat": -33.236999999999995, "lng": -70.7158349}}, {"model": "users.ubicacion", "pk": 56, "fields": {"user": 154, "direccion": "Condominio El Algarrobal 2, Batuco, Lampa, Regi\u00f3n Metropolitana, Chile", "lat": -33.2559848, "lng": -70.79697159999998}}, {"model": "users.ubicacion", "pk": 57, "fields": {"user": 155, "direccion": "Algarrobal Nte 2, Chicureo, Colina, Regi\u00f3n Metropolitana, Chile", "lat": -33.273597499999994, "lng": -70.7077589}}, {"model": "users.ubicacion", "pk": 58, "fields": {"user": 156, "direccion": "Condominio Las Campi\u00f1as, Chicureo, Colina, Regi\u00f3n Metropolitana, Chile", "lat": -33.251956400000005, "lng": -70.67668499999998}}, {"model": "users.ubicacion", "pk": 59, "fields": {"user": 157, "direccion": "Condominio Las Campi\u00f1as 26, Chicureo, Colina, Regi\u00f3n Metropolitana, Chile", "lat": -33.2544277, "lng": -70.6808995}}, {"model": "users.ubicacion", "pk": 60, "fields": {"user": 158, "direccion": "Sta In\u00e9s, Chicureo, Colina, Regi\u00f3n Metropolitana, Chile", "lat": -33.2633225, "lng": -70.72400014600001}}, {"model": "users.ubicacion", "pk": 61, "fields": {"user": 159, "direccion": "Av. Chicureo 1100, Chicureo, Colina, Regi\u00f3n Metropolitana, Chile", "lat": -33.285503399999996, "lng": -70.69129299999999}}, {"model": "users.ubicacion", "pk": 63, "fields": {"user": 161, "direccion": "Algarrobal Nte 2, Chicureo, Colina, Regi\u00f3n Metropolitana, Chile", "lat": -33.2740575, "lng": -70.70849890000002}}, {"model": "users.ubicacion", "pk": 64, "fields": {"user": 162, "direccion": "Condominio Las Campi\u00f1as, Chicureo, Colina, Regi\u00f3n Metropolitana, Chile", "lat": -33.251676399999994, "lng": -70.680065}}, {"model": "users.ubicacion", "pk": 65, "fields": {"user": 163, "direccion": "Sta In\u00e9s de Miraflores, Chicureo, Colina, Regi\u00f3n Metropolitana, Chile", "lat": -33.266632699999995, "lng": -70.7081877}}, {"model": "users.ubicacion", "pk": 66, "fields": {"user": 164, "direccion": "Gral San Mart\u00edn, Chicureo, Colina, Regi\u00f3n Metropolitana, Chile", "lat": -33.268541500000005, "lng": -70.69867339999998}}, {"model": "users.ubicacion", "pk": 67, "fields": {"user": 165, "direccion": "Camino El Remanso, Chicureo, Colina, Regi\u00f3n Metropolitana, Chile", "lat": -33.2173231, "lng": -70.67367889999998}}, {"model": "users.ubicacion", "pk": 68, "fields": {"user": 166, "direccion": "Av. Chicureo 1100, Chicureo, Colina, Regi\u00f3n Metropolitana, Chile", "lat": -33.285423400000006, "lng": -70.689713}}, {"model": "users.ubicacion", "pk": 69, "fields": {"user": 167, "direccion": "Sta Luisa, Chicureo, Colina, Regi\u00f3n Metropolitana, Chile", "lat": -33.2709489, "lng": -70.680302}}, {"model": "users.ubicacion", "pk": 70, "fields": {"user": 168, "direccion": "20 El algarrobal 1 - Los Damascos, Chicureo, Colina, Regi\u00f3n Metropolitana, Chile", "lat": -33.2695845, "lng": -70.7167974}}, {"model": "users.ubicacion", "pk": 71, "fields": {"user": 169, "direccion": "Las Brisas, Chicureo, Colina, Regi\u00f3n Metropolitana, Chile", "lat": -33.2384258, "lng": -70.6763555}}, {"model": "users.ubicacion", "pk": 73, "fields": {"user": 171, "direccion": "Las Brisas, Chicureo, Colina, Regi\u00f3n Metropolitana, Chile", "lat": -33.2384058, "lng": -70.67435549999998}}, {"model": "users.ubicacion", "pk": 74, "fields": {"user": 172, "direccion": "Las Brisas, Chicureo, Colina, Regi\u00f3n Metropolitana, Chile", "lat": -33.2404858, "lng": -70.67601549999998}}, {"model": "users.ubicacion", "pk": 75, "fields": {"user": 173, "direccion": "El Aromo & Sta Cecilia, Chicureo, Colina, Regi\u00f3n Metropolitana, Chile", "lat": -33.261021, "lng": -70.7080071}}, {"model": "users.ubicacion", "pk": 76, "fields": {"user": 174, "direccion": "Sta Ester de Liray, Chicureo, Colina, Regi\u00f3n Metropolitana, Chile", "lat": -33.2379, "lng": -70.71535490000001}}, {"model": "users.ubicacion", "pk": 77, "fields": {"user": 175, "direccion": "20 El algarrobal 1 - Los Damascos, Chicureo, Colina, Regi\u00f3n Metropolitana, Chile", "lat": -33.2672045, "lng": -70.71559740000002}}, {"model": "users.ubicacion", "pk": 78, "fields": {"user": 176, "direccion": "Mahuida Contry Polo Club, Chicureo, Colina, Regi\u00f3n Metropolitana, Chile", "lat": -33.2334357, "lng": -70.7149343}}, {"model": "users.ubicacion", "pk": 79, "fields": {"user": 177, "direccion": "Sta Luisa, Chicureo, Colina, Regi\u00f3n Metropolitana, Chile", "lat": -33.27038889999999, "lng": -70.681282}}, {"model": "users.ubicacion", "pk": 80, "fields": {"user": 178, "direccion": "El Algarrobo 205, Chicureo, Colina, Regi\u00f3n Metropolitana, Chile", "lat": -33.2666664, "lng": -70.660611}}, {"model": "users.ubicacion", "pk": 81, "fields": {"user": 179, "direccion": "Algarrobal Nte 2, Chicureo, Colina, Regi\u00f3n Metropolitana, Chile", "lat": -33.2757375, "lng": -70.7080389}}, {"model": "users.ubicacion", "pk": 82, "fields": {"user": 180, "direccion": "Algarrobal Nte 2, Chicureo, Colina, Regi\u00f3n Metropolitana, Chile", "lat": -33.275437499999995, "lng": -70.7079989}}, {"model": "users.ubicacion", "pk": 86, "fields": {"user": 170, "direccion": "Condominio El Algarrobal, Batuco, Lampa, Regi\u00f3n Metropolitana, Chile", "lat": -33.2500056, "lng": -70.7965096}}, {"model": "users.ubicacion", "pk": 88, "fields": {"user": 160, "direccion": "Condominio El Algarrobal, Batuco, Lampa, Regi\u00f3n Metropolitana, Chile", "lat": -33.2500056, "lng": -70.7965096}}, {"model": "users.ubicacion", "pk": 89, "fields": {"user": 182, "direccion": "\"Las Brisas, Chicureo, Colina, Regi\u00f3n Metropolitana, Chile\"", "lat": -33.2361186, "lng": -70.67210700000001}}, {"model": "users.ubicacion", "pk": 90, "fields": {"user": 183, "direccion": "Liray, Colina, Regi\u00f3n Metropolitana, Chile", "lat": -33.2397173, "lng": -70.7447036}}, {"model": "users.auto", "pk": 5, "fields": {"user": 170, "capacidad": 4, "color": "negro", "modelo": "Mazda 3"}}, {"model": "users.auto", "pk": 7, "fields": {"user": 127, "capacidad": 4, "color": "negro", "modelo": "Mazda 2"}}, {"model": "users.auto", "pk": 8, "fields": {"user": 132, "capacidad": 4, "color": "negro", "modelo": "Mazda 2"}}, {"model": "users.auto", "pk": 9, "fields": {"user": 137, "capacidad": 4, "color": "negro", "modelo": "Mazda 2"}}, {"model": "users.auto", "pk": 10, "fields": {"user": 142, "capacidad": 4, "color": "negro", "modelo": "Mazda 2"}}, {"model": "users.auto", "pk": 11, "fields": {"user": 147, "capacidad": 4, "color": "negro", "modelo": "Mazda 2"}}, {"model": "users.auto", "pk": 12, "fields": {"user": 152, "capacidad": 4, "color": "negro", "modelo": "Mazda 2"}}, {"model": "users.auto", "pk": 13, "fields": {"user": 157, "capacidad": 4, "color": "negro", "modelo": "Mazda 2"}}, {"model": "users.auto", "pk": 14, "fields": {"user": 162, "capacidad": 4, "color": "negro", "modelo": "Mazda 2"}}, {"model": "users.auto", "pk": 15, "fields": {"user": 167, "capacidad": 4, "color": "negro", "modelo": "Mazda 2"}}, {"model": "users.auto", "pk": 16, "fields": {"user": 172, "capacidad": 4, "color": "negro", "modelo": "Mazda 2"}}, {"model": "users.auto", "pk": 17, "fields": {"user": 177, "capacidad": 4, "color": "negro", "modelo": "Mazda 2"}}, {"model": "users.auto", "pk": 18, "fields": {"user": 160, "capacidad": 4, "color": "negro", "modelo": "Mazda 2"}}, {"model": "users.auto", "pk": 24, "fields": {"user": 122, "capacidad": 4, "color": "negro", "modelo": "Mazda 2"}}, {"model": "users.pasajeros", "pk": 2, "fields": {"auto": 7, "user": []}}, {"model": "users.pasajeros", "pk": 3, "fields": {"auto": 8, "user": []}}, {"model": "users.pasajeros", "pk": 4, "fields": {"auto": 9, "user": []}}, {"model": "users.pasajeros", "pk": 5, "fields": {"auto": 10, "user": []}}, {"model": "users.pasajeros", "pk": 6, "fields": {"auto": 11, "user": []}}, {"model": "users.pasajeros", "pk": 7, "fields": {"auto": 12, "user": []}}, {"model": "users.pasajeros", "pk": 8, "fields": {"auto": 13, "user": []}}, {"model": "users.pasajeros", "pk": 9, "fields": {"auto": 18, "user": []}}, {"model": "users.pasajeros", "pk": 10, "fields": {"auto": 14, "user": []}}, {"model": "users.pasajeros", "pk": 11, "fields": {"auto": 15, "user": []}}, {"model": "users.pasajeros", "pk": 12, "fields": {"auto": 5, "user": []}}, {"model": "users.pasajeros", "pk": 13, "fields": {"auto": 16, "user": []}}, {"model": "users.pasajeros", "pk": 14, "fields": {"auto": 17, "user": []}}, {"model": "users.pasajeros", "pk": 19, "fields": {"auto": 24, "user": []}}]